Number,Element,Orbital,Energy
63,Eu,N7-4f7/2,0.0
63,Eu,N6-4f5/2,0.0
58,Ce,N6-4f5/2,0.1
58,Ce,N7-4f7/2,0.1
70,Yb,N7-4f7/2,1.3
60,Nd,N7-4f7/2,1.5
60,Nd,N6-4f5/2,1.5
59,Pr,N6-4f5/2,2.0
59,Pr,N7-4f7/2,2.0
65,Tb,N7-4f7/2,2.4
70,Yb,N6-4f5/2,2.5
66,Dy,N7-4f7/2,4.3
69,Tm,N7-4f7/2,4.6
68,Er,N7-4f7/2,4.7
62,Sm,N7-4f7/2,5.2
62,Sm,N6-4f5/2,5.2
67,Ho,N7-4f7/2,5.2
71,Lu,N7-4f7/2,7.5
65,Tb,N6-4f5/2,7.7
80,Hg,O5-5d5/2,7.8
66,Dy,N6-4f5/2,8.0
67,Ho,N6-4f5/2,8.6
64,Gd,N6-4f5/2,8.6
64,Gd,N7-4f7/2,8.6
71,Lu,N6-4f5/2,8.9
80,Hg,O4-5d3/2,9.6
30,Zn,M5-3d5/2,10.1
30,Zn,M4-3d3/2,10.2
48,Cd,N5-4d5/2,10.7
48,Cd,N4-4d3/2,11.7
54,Xe,O3-5p3/2,12.1
55,Cs,O3-5p3/2,12.1
81,Tl,O5-5d5/2,12.5
54,Xe,O2-5p1/2,13.4
1,H,K-1s,13.6
36,Kr,N2-4p1/2,14.1
36,Kr,N3-4p3/2,14.1
72,Hf,N7-4f7/2,14.2
55,Cs,O2-5p1/2,14.2
81,Tl,O4-5d3/2,14.7
56,Ba,O3-5p3/2,14.8
87,Fr,P2-6p1/2,15.0
87,Fr,P3-6p3/2,15.0
37,Rb,N3-4p3/2,15.3
18,Ar,M3-3p3/2,15.7
18,Ar,M2-3p1/2,15.9
72,Hf,N6-4f5/2,15.9
37,Rb,N2-4p1/2,16.3
90,Th,P3-6p3/2,16.6
92,U,P3-6p3/2,16.8
57,La,O3-5p3/2,16.8
49,In,N5-4d5/2,16.9
58,Ce,O3-5p3/2,17.0
56,Ba,O2-5p1/2,17.0
49,In,N4-4d3/2,17.7
82,Pb,O5-5d5/2,18.1
19,K,M3-3p3/2,18.3
19,K,M2-3p1/2,18.3
31,Ga,M5-3d5/2,18.7
31,Ga,M4-3d3/2,18.7
88,Ra,P3-6p3/2,19.0
88,Ra,P2-6p1/2,19.0
57,La,O2-5p1/2,19.3
58,Ce,O2-5p1/2,19.8
38,Sr,N3-4p3/2,20.1
82,Pb,O4-5d3/2,20.7
64,Gd,O3-5p3/2,21.0
60,Nd,O2-5p1/2,21.1
60,Nd,O3-5p3/2,21.1
62,Sm,O3-5p3/2,21.3
62,Sm,O2-5p1/2,21.3
38,Sr,N2-4p1/2,21.3
73,Ta,N7-4f7/2,21.6
10,Ne,L3-2p3/2,21.6
10,Ne,L2-2p1/2,21.7
63,Eu,O2-5p1/2,22.0
63,Eu,O3-5p3/2,22.0
59,Pr,O3-5p3/2,22.3
59,Pr,O2-5p1/2,22.3
65,Tb,O3-5p3/2,22.6
55,Cs,O1-5s,22.7
39,Y,N3-4p3/2,23.1
54,Xe,O1-5s,23.3
73,Ta,N6-4f5/2,23.5
83,Bi,O5-5d5/2,23.8
50,Sn,N5-4d5/2,23.9
70,Yb,O3-5p3/2,24.1
67,Ho,O3-5p3/2,24.1
39,Y,N2-4p1/2,24.4
90,Th,P2-6p1/2,24.5
2,He,K-1s,24.6
68,Er,O3-5p3/2,24.7
50,Sn,N4-4d3/2,24.9
69,Tm,O3-5p3/2,25.0
20,Ca,M3-3p3/2,25.4
20,Ca,M4-3d3/2,25.4
86,Rn,P1-6s,26.0
66,Dy,O2-5p1/2,26.3
66,Dy,O3-5p3/2,26.3
71,Lu,O3-5p3/2,26.7
92,U,P2-6p1/2,26.8
83,Bi,O4-5d3/2,26.9
40,Zr,N3-4p3/2,27.1
36,Kr,N1-4s,27.5
64,Gd,O2-5p1/2,28.0
21,Sc,M2-3p1/2,28.3
21,Sc,M3-3p3/2,28.3
40,Zr,N2-4p1/2,28.5
65,Tb,O2-5p1/2,28.7
32,Ge,M5-3d5/2,29.2
18,Ar,M1-3s,29.3
32,Ge,M4-3d3/2,29.8
72,Hf,O3-5p3/2,29.9
70,Yb,O2-5p1/2,30.3
56,Ba,O1-5s,30.3
37,Rb,N1-4s,30.5
11,Na,L2-2p1/2,30.65
67,Ho,O2-5p1/2,30.8
41,Nb,N3-4p3/2,30.8
11,Na,L3-2p3/2,30.81
84,Po,O5-5d5/2,31.0
84,Po,O4-5d3/2,31.0
68,Er,O2-5p1/2,31.4
74,W,N7-4f7/2,31.4
69,Tm,O2-5p1/2,31.8
63,Eu,O1-5s,32.0
51,Sb,N5-4d5/2,32.1
22,Ti,M3-3p3/2,32.6
41,Nb,N2-4p1/2,32.6
22,Ti,M2-3p1/2,32.6
73,Ta,O3-5p3/2,32.7
51,Sb,N4-4d3/2,33.3
74,W,N6-4f5/2,33.6
71,Lu,O2-5p1/2,33.6
87,Fr,P1-6s,34.0
57,La,O1-5s,34.3
75,Re,O3-5p3/2,34.6
19,K,M1-3s,34.8
42,Mo,N3-4p3/2,35.5
64,Gd,O1-5s,36.0
74,W,O3-5p3/2,36.8
23,V,M3-3p3/2,37.2
23,V,M2-3p1/2,37.2
7,N,L1-2s,37.3
59,Pr,O1-5s,37.4
62,Sm,O1-5s,37.4
60,Nd,O1-5s,37.5
42,Mo,N2-4p1/2,37.6
58,Ce,O1-5s,37.8
72,Hf,O2-5p1/2,38.0
38,Sr,N1-4s,38.9
43,Tc,N3-4p3/2,39.9
85,At,O4-5d3/2,40.0
85,At,O5-5d5/2,40.0
52,Te,N5-4d5/2,40.4
75,Re,N7-4f7/2,40.5
90,Th,P1-6s,41.4
8,O,L1-2s,41.6
33,As,M5-3d5/2,41.7
33,As,M4-3d3/2,41.7
52,Te,N4-4d3/2,41.9
24,Cr,M2-3p1/2,42.2
24,Cr,M3-3p3/2,42.2
73,Ta,O2-5p1/2,42.2
43,Tc,N2-4p1/2,42.3
75,Re,N6-4f5/2,42.9
44,Ru,N3-4p3/2,43.2
39,Y,N1-4s,43.8
92,U,P1-6s,43.9
88,Ra,P1-6s,44.0
20,Ca,M1-3s,44.3
76,Os,O3-5p3/2,44.5
74,W,O2-5p1/2,45.3
75,Re,O2-5p1/2,45.6
65,Tb,O1-5s,45.6
44,Ru,N2-4p1/2,46.3
25,Mn,M2-3p1/2,47.2
25,Mn,M3-3p3/2,47.2
45,Rh,N3-4p3/2,47.3
86,Rn,O5-5d5/2,48.0
77,Ir,O3-5p3/2,48.0
86,Rn,O4-5d3/2,48.0
10,Ne,L1-2s,48.5
53,I,N5-4d5/2,48.9
67,Ho,O1-5s,49.3
12,Mg,L3-2p3/2,49.5
12,Mg,L2-2p1/2,49.78
66,Dy,O1-5s,49.9
45,Rh,N2-4p1/2,50.5
68,Er,O1-5s,50.6
40,Zr,N1-4s,50.6
53,I,N4-4d3/2,50.6
76,Os,N7-4f7/2,50.7
46,Pd,N3-4p3/2,50.9
21,Sc,M1-3s,51.1
78,Pt,O3-5p3/2,51.7
70,Yb,O1-5s,52.0
26,Fe,M2-3p1/2,52.7
26,Fe,M3-3p3/2,52.7
76,Os,N6-4f5/2,53.4
34,Se,M5-3d5/2,54.6
69,Tm,O1-5s,54.7
3,Li,K-1s,54.7
34,Se,M4-3d3/2,55.5
46,Pd,N2-4p1/2,55.7
41,Nb,N1-4s,56.4
79,Au,O3-5p3/2,57.2
71,Lu,O1-5s,57.3
87,Fr,O4-5d3/2,58.0
76,Os,O2-5p1/2,58.0
87,Fr,O5-5d5/2,58.0
47,Ag,N3-4p3/2,58.3
22,Ti,M1-3s,58.7
27,Co,M2-3p1/2,58.9
27,Co,M3-3p3/2,59.9
77,Ir,N7-4f7/2,60.8
77,Ir,O2-5p1/2,63.0
42,Mo,N1-4s,63.2
11,Na,L1-2s,63.5
47,Ag,N2-4p1/2,63.7
77,Ir,N6-4f5/2,63.8
48,Cd,N2-4p1/2,63.9
48,Cd,N3-4p3/2,63.9
72,Hf,O1-5s,64.2
80,Hg,O3-5p3/2,64.5
78,Pt,O2-5p1/2,65.3
28,Ni,M3-3p3/2,66.2
23,V,M1-3s,66.3
54,Xe,N5-4d5/2,67.5
88,Ra,O5-5d5/2,68.0
28,Ni,M2-3p1/2,68.0
88,Ra,O4-5d3/2,68.0
35,Br,M5-3d5/2,69.0
43,Tc,N1-4s,69.5
54,Xe,N4-4d3/2,69.5
73,Ta,O1-5s,69.7
35,Br,M4-3d3/2,70.0
78,Pt,N7-4f7/2,71.2
13,Al,L3-2p3/2,72.55
13,Al,L2-2p1/2,72.95
81,Tl,O3-5p3/2,73.5
49,In,N2-4p1/2,73.5
49,In,N3-4p3/2,73.5
24,Cr,M1-3s,74.1
79,Au,O2-5p1/2,74.2
78,Pt,N6-4f5/2,74.5
44,Ru,N1-4s,75.0
29,Cu,M3-3p3/2,75.1
74,W,O1-5s,75.6
29,Cu,M2-3p1/2,77.3
55,Cs,N5-4d5/2,77.5
55,Cs,N4-4d3/2,79.8
89,Ac,O5-5d5/2,80.0
89,Ac,O4-5d3/2,80.0
45,Rh,N1-4s,81.4
25,Mn,M1-3s,82.3
75,Re,O1-5s,83.0
80,Hg,O2-5p1/2,83.1
82,Pb,O3-5p3/2,83.3
50,Sn,N3-4p3/2,83.6
50,Sn,N2-4p1/2,83.6
79,Au,N7-4f7/2,84.0
76,Os,O1-5s,84.0
90,Th,O5-5d5/2,85.4
46,Pd,N1-4s,87.1
79,Au,N6-4f5/2,87.6
30,Zn,M3-3p3/2,88.6
12,Mg,L1-2s,88.7
56,Ba,N5-4d5/2,89.9
26,Fe,M1-3s,91.3
30,Zn,M2-3p1/2,91.4
90,Th,O4-5d3/2,92.5
56,Ba,N4-4d3/2,92.6
83,Bi,O3-5p3/2,92.6
36,Kr,M5-3d5/2,93.8
91,Pa,O4-5d3/2,94.0
91,Pa,O5-5d5/2,94.0
92,U,O5-5d5/2,94.2
81,Tl,O2-5p1/2,94.6
36,Kr,M4-3d3/2,95.0
77,Ir,O1-5s,95.2
51,Sb,N3-4p3/2,95.6
51,Sb,N2-4p1/2,95.6
47,Ag,N1-4s,97.0
14,Si,L3-2p3/2,99.42
14,Si,L2-2p1/2,99.82
80,Hg,N7-4f7/2,99.9
31,Ga,M3-3p3/2,100.0
27,Co,M1-3s,101.0
78,Pt,O1-5s,101.7
57,La,N5-4d5/2,102.5
92,U,O4-5d3/2,102.8
52,Te,N2-4p1/2,103.3
52,Te,N3-4p3/2,103.3
31,Ga,M2-3p1/2,103.5
84,Po,O3-5p3/2,104.0
80,Hg,N6-4f5/2,104.0
57,La,N4-4d3/2,105.3
82,Pb,O2-5p1/2,106.4
79,Au,O1-5s,107.2
58,Ce,N4-4d3/2,109.0
48,Cd,N1-4s,109.8
28,Ni,M1-3s,110.8
4,Be,K-1s,111.5
37,Rb,M5-3d5/2,112.0
37,Rb,M4-3d3/2,113.0
85,At,O3-5p3/2,115.0
59,Pr,N4-4d3/2,115.1
59,Pr,N5-4d5/2,115.1
13,Al,L1-2s,117.8
81,Tl,N7-4f7/2,117.8
83,Bi,O2-5p1/2,119.0
61,Pm,N5-4d5/2,120.0
61,Pm,N4-4d3/2,120.0
60,Nd,N4-4d3/2,120.5
60,Nd,N5-4d5/2,120.5
32,Ge,M3-3p3/2,120.8
81,Tl,N6-4f5/2,122.2
29,Cu,M1-3s,122.5
49,In,N1-4s,122.9
53,I,N2-4p1/2,123.0
53,I,N3-4p3/2,123.0
32,Ge,M2-3p1/2,124.9
86,Rn,O3-5p3/2,127.0
80,Hg,O1-5s,127.0
63,Eu,N5-4d5/2,127.7
62,Sm,N5-4d5/2,129.0
62,Sm,N4-4d3/2,129.0
84,Po,O2-5p1/2,132.0
63,Eu,N4-4d3/2,133.0
38,Sr,M5-3d5/2,134.2
15,P,L3-2p3/2,135.0
38,Sr,M4-3d3/2,136.0
15,P,L2-2p1/2,136.0
81,Tl,O1-5s,136.0
82,Pb,N7-4f7/2,136.9
50,Sn,N1-4s,137.1
30,Zn,M1-3s,139.8
87,Fr,O3-5p3/2,140.0
33,As,M3-3p3/2,141.2
82,Pb,N6-4f5/2,141.7
64,Gd,N5-4d5/2,142.6
54,Xe,N3-4p3/2,145.5
33,As,M2-3p1/2,146.2
54,Xe,N2-4p1/2,146.7
82,Pb,O1-5s,147.0
85,At,O2-5p1/2,148.0
14,Si,L1-2s,149.7
65,Tb,N4-4d3/2,150.5
65,Tb,N5-4d5/2,150.5
88,Ra,O3-5p3/2,153.0
51,Sb,N1-4s,153.2
66,Dy,N4-4d3/2,153.6
66,Dy,N5-4d5/2,153.6
39,Y,M5-3d5/2,155.8
83,Bi,N7-4f7/2,157.0
39,Y,M4-3d3/2,157.7
83,Bi,O1-5s,159.3
31,Ga,M1-3s,159.5
67,Ho,N5-4d5/2,160.0
67,Ho,N4-4d3/2,160.0
34,Se,M3-3p3/2,160.7
55,Cs,N3-4p3/2,161.3
83,Bi,N6-4f5/2,162.3
16,S,L3-2p3/2,162.5
16,S,L2-2p1/2,163.6
86,Rn,O2-5p1/2,164.0
34,Se,M2-3p1/2,166.5
89,Ac,O3-5p3/2,167.0
68,Er,N4-4d3/2,167.6
68,Er,N5-4d5/2,167.6
52,Te,N1-4s,169.4
55,Cs,N2-4p1/2,172.4
69,Tm,N5-4d5/2,175.5
69,Tm,N4-4d3/2,175.5
84,Po,O1-5s,177.0
56,Ba,N3-4p3/2,178.6
40,Zr,M5-3d5/2,178.8
32,Ge,M1-3s,180.1
40,Zr,M4-3d3/2,181.1
90,Th,O3-5p3/2,182.0
35,Br,M3-3p3/2,182.0
87,Fr,O2-5p1/2,182.0
70,Yb,N5-4d5/2,182.4
84,Po,N7-4f7/2,184.0
84,Po,N6-4f5/2,184.0
53,I,N1-4s,186.0
5,B,K-1s,188.0
15,P,L1-2s,189.0
35,Br,M2-3p1/2,189.0
70,Yb,N4-4d3/2,191.2
56,Ba,N2-4p1/2,192.0
92,U,O3-5p3/2,192.0
85,At,O1-5s,195.0
57,La,N3-4p3/2,196.0
71,Lu,N5-4d5/2,196.3
88,Ra,O2-5p1/2,200.0
17,Cl,L3-2p3/2,200.0
17,Cl,L2-2p1/2,202.0
41,Nb,M5-3d5/2,202.3
33,As,M1-3s,204.7
41,Nb,M4-3d3/2,205.0
57,La,N2-4p1/2,205.8
71,Lu,N4-4d3/2,206.1
58,Ce,N3-4p3/2,206.5
85,At,N7-4f7/2,210.0
85,At,N6-4f5/2,210.0
72,Hf,N5-4d5/2,211.5
54,Xe,N1-4s,213.2
86,Rn,O1-5s,214.0
36,Kr,M3-3p3/2,214.4
89,Ac,O2-5p1/2,215.0
59,Pr,N3-4p3/2,217.6
72,Hf,N4-4d3/2,220.0
36,Kr,M2-3p1/2,222.2
58,Ce,N2-4p1/2,223.2
60,Nd,N3-4p3/2,224.6
73,Ta,N5-4d5/2,226.4
42,Mo,M5-3d5/2,227.9
90,Th,O2-5p1/2,229.0
34,Se,M1-3s,229.6
16,S,L1-2s,230.9
42,Mo,M4-3d3/2,231.1
91,Pa,O2-5p1/2,232.0
91,Pa,O3-5p3/2,232.0
55,Cs,N1-4s,232.3
87,Fr,O1-5s,234.0
59,Pr,N2-4p1/2,236.3
73,Ta,N4-4d3/2,237.9
86,Rn,N6-4f5/2,238.0
86,Rn,N7-4f7/2,238.0
37,Rb,M3-3p3/2,239.1
61,Pm,N3-4p3/2,242.0
61,Pm,N2-4p1/2,242.0
60,Nd,N2-4p1/2,243.3
74,W,N5-4d5/2,243.5
62,Sm,N3-4p3/2,247.4
18,Ar,L3-2p3/2,248.4
37,Rb,M2-3p1/2,248.7
18,Ar,L2-2p1/2,250.6
56,Ba,N1-4s,253.5
43,Tc,M5-3d5/2,253.9
88,Ra,O1-5s,254.0
74,W,N4-4d3/2,255.9
63,Eu,N3-4p3/2,257.0
35,Br,M1-3s,257.0
92,U,O2-5p1/2,257.0
43,Tc,M4-3d3/2,257.6
75,Re,N5-4d5/2,260.5
62,Sm,N2-4p1/2,265.6
87,Fr,N7-4f7/2,268.0
87,Fr,N6-4f5/2,268.0
17,Cl,L1-2s,270.0
38,Sr,M3-3p3/2,270.0
64,Gd,N3-4p3/2,271.0
89,Ac,O1-5s,272.0
75,Re,N4-4d3/2,273.9
57,La,N1-4s,274.7
76,Os,N5-4d5/2,278.5
44,Ru,M5-3d5/2,280.0
38,Sr,M2-3p1/2,280.3
63,Eu,N2-4p1/2,284.0
65,Tb,N3-4p3/2,284.1
6,C,K-1s,284.2
44,Ru,M4-3d3/2,284.2
64,Gd,N2-4p1/2,286.0
90,Th,O1-5s,290.0
58,Ce,N1-4s,291.0
36,Kr,M1-3s,292.8
76,Os,N4-4d3/2,293.1
66,Dy,N3-4p3/2,293.2
19,K,L3-2p3/2,294.6
77,Ir,N5-4d5/2,296.3
19,K,L2-2p1/2,297.3
39,Y,M3-3p3/2,298.8
88,Ra,N6-4f5/2,299.0
88,Ra,N7-4f7/2,299.0
59,Pr,N1-4s,304.5
45,Rh,M5-3d5/2,307.2
67,Ho,N3-4p3/2,308.2
91,Pa,O1-5s,310.0
39,Y,M2-3p1/2,310.6
45,Rh,M4-3d3/2,311.9
77,Ir,N4-4d3/2,311.9
78,Pt,N5-4d5/2,314.6
89,Ac,N6-4f5/2,319.0
89,Ac,N7-4f7/2,319.0
60,Nd,N1-4s,319.2
68,Er,N3-4p3/2,320.2
92,U,O1-5s,321.0
65,Tb,N2-4p1/2,322.4
18,Ar,L1-2s,326.3
37,Rb,M1-3s,326.7
40,Zr,M3-3p3/2,329.8
78,Pt,N4-4d3/2,331.6
69,Tm,N3-4p3/2,332.6
90,Th,N7-4f7/2,333.1
66,Dy,N2-4p1/2,333.5
79,Au,N5-4d5/2,335.1
46,Pd,M5-3d5/2,335.2
70,Yb,N3-4p3/2,339.7
46,Pd,M4-3d3/2,340.5
90,Th,N6-4f5/2,342.4
40,Zr,M2-3p1/2,343.5
67,Ho,N2-4p1/2,343.5
20,Ca,L3-2p3/2,346.2
62,Sm,N1-4s,347.2
20,Ca,L2-2p1/2,349.7
79,Au,N4-4d3/2,353.2
38,Sr,M1-3s,358.7
80,Hg,N5-4d5/2,358.8
71,Lu,N3-4p3/2,359.2
91,Pa,N7-4f7/2,360.0
63,Eu,N1-4s,360.0
41,Nb,M3-3p3/2,360.6
68,Er,N2-4p1/2,366.2
47,Ag,M5-3d5/2,368.3
91,Pa,N6-4f5/2,371.0
47,Ag,M4-3d3/2,374.0
41,Nb,M2-3p1/2,376.1
92,U,N7-4f7/2,377.4
80,Hg,N4-4d3/2,378.2
64,Gd,N1-4s,378.6
19,K,L1-2s,378.6
72,Hf,N3-4p3/2,380.7
81,Tl,N5-4d5/2,385.0
69,Tm,N2-4p1/2,385.9
92,U,N6-4f5/2,388.2
70,Yb,N2-4p1/2,388.7
39,Y,M1-3s,392.0
42,Mo,M3-3p3/2,394.0
65,Tb,N1-4s,396.0
21,Sc,L3-2p3/2,398.7
73,Ta,N3-4p3/2,400.9
21,Sc,L2-2p1/2,403.6
48,Cd,M5-3d5/2,405.2
81,Tl,N4-4d3/2,405.7
7,N,K-1s,409.9
42,Mo,M2-3p1/2,411.6
48,Cd,M4-3d3/2,411.9
82,Pb,N5-4d5/2,412.2
71,Lu,N2-4p1/2,412.4
66,Dy,N1-4s,414.2
43,Tc,M3-3p3/2,417.7
74,W,N3-4p3/2,423.6
40,Zr,M1-3s,430.3
67,Ho,N1-4s,432.4
82,Pb,N4-4d3/2,434.3
72,Hf,N2-4p1/2,438.2
20,Ca,L1-2s,438.4
83,Bi,N5-4d5/2,440.1
49,In,M5-3d5/2,443.9
75,Re,N3-4p3/2,446.8
43,Tc,M2-3p1/2,447.6
68,Er,N1-4s,449.8
49,In,M4-3d3/2,451.4
22,Ti,L3-2p3/2,453.8
22,Ti,L2-2p1/2,460.2
44,Ru,M3-3p3/2,461.4
73,Ta,N2-4p1/2,463.4
83,Bi,N4-4d3/2,464.0
41,Nb,M1-3s,466.6
76,Os,N3-4p3/2,470.7
69,Tm,N1-4s,470.9
84,Po,N5-4d5/2,473.0
70,Yb,N1-4s,480.5
44,Ru,M2-3p1/2,483.5
50,Sn,M5-3d5/2,484.9
74,W,N2-4p1/2,490.4
50,Sn,M4-3d3/2,493.2
77,Ir,N3-4p3/2,495.8
45,Rh,M3-3p3/2,496.5
21,Sc,L1-2s,498.0
84,Po,N4-4d3/2,500.0
42,Mo,M1-3s,506.3
71,Lu,N1-4s,506.8
85,At,N5-4d5/2,507.0
23,V,L3-2p3/2,512.1
75,Re,N2-4p1/2,518.7
78,Pt,N3-4p3/2,519.4
23,V,L2-2p1/2,519.8
45,Rh,M2-3p1/2,521.3
51,Sb,M5-3d5/2,528.2
46,Pd,M3-3p3/2,532.3
85,At,N4-4d3/2,533.0
51,Sb,M4-3d3/2,537.5
72,Hf,N1-4s,538.0
86,Rn,N5-4d5/2,541.0
8,O,K-1s,543.1
43,Tc,M1-3s,544.0
79,Au,N3-4p3/2,546.3
76,Os,N2-4p1/2,549.1
46,Pd,M2-3p1/2,559.9
22,Ti,L1-2s,560.9
73,Ta,N1-4s,563.4
86,Rn,N4-4d3/2,567.0
52,Te,M5-3d5/2,573.0
47,Ag,M3-3p3/2,573.0
24,Cr,L3-2p3/2,574.1
80,Hg,N3-4p3/2,576.6
87,Fr,N5-4d5/2,577.0
77,Ir,N2-4p1/2,577.8
52,Te,M4-3d3/2,583.4
24,Cr,L2-2p1/2,583.8
44,Ru,M1-3s,586.1
74,W,N1-4s,594.1
88,Ra,N5-4d5/2,603.0
87,Fr,N4-4d3/2,603.0
47,Ag,M2-3p1/2,603.8
78,Pt,N2-4p1/2,609.1
81,Tl,N3-4p3/2,609.5
48,Cd,M3-3p3/2,618.4
53,I,M5-3d5/2,619.3
75,Re,N1-4s,625.4
23,V,L1-2s,626.7
45,Rh,M1-3s,628.1
53,I,M4-3d3/2,630.8
88,Ra,N4-4d3/2,636.0
25,Mn,L3-2p3/2,638.7
89,Ac,N5-4d5/2,639.0
79,Au,N2-4p1/2,642.7
82,Pb,N3-4p3/2,643.5
25,Mn,L2-2p1/2,649.9
48,Cd,M2-3p1/2,652.6
76,Os,N1-4s,658.2
49,In,M3-3p3/2,665.3
46,Pd,M1-3s,671.6
89,Ac,N4-4d3/2,675.0
90,Th,N5-4d5/2,675.2
54,Xe,M5-3d5/2,676.4
83,Bi,N3-4p3/2,678.8
80,Hg,N2-4p1/2,680.2
54,Xe,M4-3d3/2,689.0
77,Ir,N1-4s,691.1
24,Cr,L1-2s,696.0
9,F,K-1s,696.7
49,In,M2-3p1/2,703.2
84,Po,N3-4p3/2,705.0
26,Fe,L3-2p3/2,706.8
91,Pa,N5-4d5/2,708.0
90,Th,N4-4d3/2,712.1
50,Sn,M3-3p3/2,714.6
47,Ag,M1-3s,719.0
26,Fe,L2-2p1/2,719.9
81,Tl,N2-4p1/2,720.5
78,Pt,N1-4s,725.4
55,Cs,M5-3d5/2,726.6
92,U,N5-4d5/2,736.2
85,At,N3-4p3/2,740.0
55,Cs,M4-3d3/2,740.5
91,Pa,N4-4d3/2,743.0
50,Sn,M2-3p1/2,756.5
82,Pb,N2-4p1/2,761.9
79,Au,N1-4s,762.1
51,Sb,M3-3p3/2,766.4
86,Rn,N3-4p3/2,768.0
25,Mn,L1-2s,769.1
48,Cd,M1-3s,772.0
27,Co,L3-2p3/2,778.1
92,U,N4-4d3/2,778.3
56,Ba,M5-3d5/2,780.5
27,Co,L2-2p1/2,793.2
56,Ba,M4-3d3/2,795.7
80,Hg,N1-4s,802.2
83,Bi,N2-4p1/2,805.2
87,Fr,N3-4p3/2,810.0
51,Sb,M2-3p1/2,812.7
52,Te,M3-3p3/2,820.0
49,In,M1-3s,827.2
57,La,M5-3d5/2,836.0
26,Fe,L1-2s,844.6
81,Tl,N1-4s,846.2
84,Po,N2-4p1/2,851.0
28,Ni,L3-2p3/2,852.7
57,La,M4-3d3/2,853.0
28,Ni,L2-2p1/2,870.0
10,Ne,K-1s,870.2
52,Te,M2-3p1/2,870.8
53,I,M3-3p3/2,875.0
88,Ra,N3-4p3/2,879.0
58,Ce,M5-3d5/2,883.8
50,Sn,M1-3s,884.7
85,At,N2-4p1/2,886.0
89,Ac,N3-4p3/2,890.0
82,Pb,N1-4s,891.8
58,Ce,M4-3d3/2,902.4
27,Co,L1-2s,925.1
59,Pr,M5-3d5/2,928.8
86,Rn,N2-4p1/2,929.0
53,I,M2-3p1/2,931.0
29,Cu,L3-2p3/2,932.7
83,Bi,N1-4s,939.0
54,Xe,M3-3p3/2,940.6
51,Sb,M1-3s,946.0
59,Pr,M4-3d3/2,948.3
29,Cu,L2-2p1/2,952.3
90,Th,N3-4p3/2,966.4
87,Fr,N2-4p1/2,980.0
60,Nd,M5-3d5/2,980.4
84,Po,N1-4s,995.0
54,Xe,M2-3p1/2,1002.1
55,Cs,M3-3p3/2,1003.0
60,Nd,M4-3d3/2,1003.3
52,Te,M1-3s,1006.0
91,Pa,N3-4p3/2,1007.0
28,Ni,L1-2s,1008.6
30,Zn,L3-2p3/2,1021.8
61,Pm,M5-3d5/2,1027.0
85,At,N1-4s,1042.0
92,U,N3-4p3/2,1043.0
30,Zn,L2-2p1/2,1044.9
61,Pm,M4-3d3/2,1052.0
88,Ra,N2-4p1/2,1058.0
56,Ba,M3-3p3/2,1063.0
11,Na,K-1s,1070.8
55,Cs,M2-3p1/2,1071.0
53,I,M1-3s,1072.0
89,Ac,N2-4p1/2,1080.0
62,Sm,M5-3d5/2,1083.4
29,Cu,L1-2s,1096.7
86,Rn,N1-4s,1097.0
62,Sm,M4-3d3/2,1110.9
31,Ga,L3-2p3/2,1116.4
63,Eu,M5-3d5/2,1127.5
57,La,M3-3p3/2,1128.0
56,Ba,M2-3p1/2,1137.0
31,Ga,L2-2p1/2,1143.2
54,Xe,M1-3s,1148.7
87,Fr,N1-4s,1153.0
63,Eu,M4-3d3/2,1158.6
90,Th,N2-4p1/2,1168.0
58,Ce,M3-3p3/2,1187.0
64,Gd,M5-3d5/2,1189.6
30,Zn,L1-2s,1196.2
88,Ra,N1-4s,1208.0
57,La,M2-3p1/2,1209.0
55,Cs,M1-3s,1211.0
32,Ge,L3-2p3/2,1217.0
64,Gd,M4-3d3/2,1221.9
91,Pa,N2-4p1/2,1224.0
65,Tb,M5-3d5/2,1241.1
59,Pr,M3-3p3/2,1242.0
32,Ge,L2-2p1/2,1248.1
89,Ac,N1-4s,1269.0
92,U,N2-4p1/2,1271.0
58,Ce,M2-3p1/2,1274.0
65,Tb,M4-3d3/2,1276.9
66,Dy,M5-3d5/2,1292.6
56,Ba,M1-3s,1293.0
60,Nd,M3-3p3/2,1297.0
31,Ga,L1-2s,1299.0
12,Mg,K-1s,1303.0
33,As,L3-2p3/2,1323.6
90,Th,N1-4s,1330.0
66,Dy,M4-3d3/2,1333.0
59,Pr,M2-3p1/2,1337.0
67,Ho,M5-3d5/2,1351.0
61,Pm,M3-3p3/2,1357.0
33,As,L2-2p1/2,1359.1
57,La,M1-3s,1362.0
91,Pa,N1-4s,1387.0
67,Ho,M4-3d3/2,1392.0
60,Nd,M2-3p1/2,1403.0
68,Er,M5-3d5/2,1409.0
32,Ge,L1-2s,1414.6
62,Sm,M3-3p3/2,1420.0
34,Se,L3-2p3/2,1433.9
58,Ce,M1-3s,1436.0
92,U,N1-4s,1439.0
68,Er,M4-3d3/2,1453.0
69,Tm,M5-3d5/2,1468.0
61,Pm,M2-3p1/2,1471.0
34,Se,L2-2p1/2,1474.3
63,Eu,M3-3p3/2,1481.0
59,Pr,M1-3s,1511.0
69,Tm,M4-3d3/2,1515.0
33,As,L1-2s,1527.0
70,Yb,M5-3d5/2,1528.0
62,Sm,M2-3p1/2,1541.0
64,Gd,M3-3p3/2,1544.0
35,Br,L3-2p3/2,1550.0
13,Al,K-1s,1559.6
60,Nd,M1-3s,1575.0
70,Yb,M4-3d3/2,1576.0
71,Lu,M5-3d5/2,1589.0
35,Br,L2-2p1/2,1596.0
65,Tb,M3-3p3/2,1611.0
63,Eu,M2-3p1/2,1614.0
71,Lu,M4-3d3/2,1639.0
34,Se,L1-2s,1652.0
72,Hf,M5-3d5/2,1662.0
66,Dy,M3-3p3/2,1676.0
36,Kr,L3-2p3/2,1678.4
64,Gd,M2-3p1/2,1688.0
72,Hf,M4-3d3/2,1716.0
62,Sm,M1-3s,1723.0
36,Kr,L2-2p1/2,1730.9
73,Ta,M5-3d5/2,1735.0
67,Ho,M3-3p3/2,1741.0
65,Tb,M2-3p1/2,1768.0
35,Br,L1-2s,1782.0
73,Ta,M4-3d3/2,1793.0
63,Eu,M1-3s,1800.0
37,Rb,L3-2p3/2,1804.0
74,W,M5-3d5/2,1809.0
68,Er,M3-3p3/2,1812.0
14,Si,K-1s,1839.0
66,Dy,M2-3p1/2,1842.0
37,Rb,L2-2p1/2,1864.0
74,W,M4-3d3/2,1872.0
64,Gd,M1-3s,1881.0
75,Re,M5-3d5/2,1883.0
69,Tm,M3-3p3/2,1885.0
36,Kr,L1-2s,1921.0
67,Ho,M2-3p1/2,1923.0
38,Sr,L3-2p3/2,1940.0
75,Re,M4-3d3/2,1949.0
70,Yb,M3-3p3/2,1950.0
76,Os,M5-3d5/2,1960.0
65,Tb,M1-3s,1968.0
68,Er,M2-3p1/2,2006.0
38,Sr,L2-2p1/2,2007.0
71,Lu,M3-3p3/2,2024.0
76,Os,M4-3d3/2,2031.0
77,Ir,M5-3d5/2,2040.0
66,Dy,M1-3s,2047.0
37,Rb,L1-2s,2065.0
39,Y,L3-2p3/2,2080.0
69,Tm,M2-3p1/2,2090.0
72,Hf,M3-3p3/2,2108.0
77,Ir,M4-3d3/2,2116.0
78,Pt,M5-3d5/2,2122.0
67,Ho,M1-3s,2128.0
15,P,K-1s,2145.5
39,Y,L2-2p1/2,2156.0
70,Yb,M2-3p1/2,2173.0
73,Ta,M3-3p3/2,2194.0
78,Pt,M4-3d3/2,2202.0
79,Au,M5-3d5/2,2206.0
68,Er,M1-3s,2207.0
38,Sr,L1-2s,2216.0
40,Zr,L3-2p3/2,2223.0
71,Lu,M2-3p1/2,2264.0
74,W,M3-3p3/2,2281.0
79,Au,M4-3d3/2,2291.0
80,Hg,M5-3d5/2,2295.0
40,Zr,L2-2p1/2,2307.0
69,Tm,M1-3s,2307.0
72,Hf,M2-3p1/2,2365.0
75,Re,M3-3p3/2,2367.0
41,Nb,L3-2p3/2,2371.0
39,Y,L1-2s,2373.0
80,Hg,M4-3d3/2,2385.0
81,Tl,M5-3d5/2,2389.0
70,Yb,M1-3s,2398.0
76,Os,M3-3p3/2,2457.0
41,Nb,L2-2p1/2,2465.0
73,Ta,M2-3p1/2,2469.0
16,S,K-1s,2472.0
82,Pb,M5-3d5/2,2484.0
81,Tl,M4-3d3/2,2485.0
71,Lu,M1-3s,2491.0
42,Mo,L3-2p3/2,2520.0
40,Zr,L1-2s,2532.0
77,Ir,M3-3p3/2,2551.0
74,W,M2-3p1/2,2575.0
83,Bi,M5-3d5/2,2580.0
82,Pb,M4-3d3/2,2586.0
72,Hf,M1-3s,2601.0
42,Mo,L2-2p1/2,2625.0
78,Pt,M3-3p3/2,2645.0
43,Tc,L3-2p3/2,2677.0
75,Re,M2-3p1/2,2682.0
84,Po,M5-3d5/2,2683.0
83,Bi,M4-3d3/2,2688.0
41,Nb,L1-2s,2698.0
73,Ta,M1-3s,2708.0
79,Au,M3-3p3/2,2743.0
85,At,M5-3d5/2,2787.0
76,Os,M2-3p1/2,2792.0
43,Tc,L2-2p1/2,2793.0
84,Po,M4-3d3/2,2798.0
74,W,M1-3s,2820.0
17,Cl,K-1s,2822.4
44,Ru,L3-2p3/2,2838.0
80,Hg,M3-3p3/2,2847.0
42,Mo,L1-2s,2866.0
86,Rn,M5-3d5/2,2892.0
77,Ir,M2-3p1/2,2909.0
85,At,M4-3d3/2,2909.0
75,Re,M1-3s,2932.0
81,Tl,M3-3p3/2,2957.0
44,Ru,L2-2p1/2,2967.0
87,Fr,M5-3d5/2,3000.0
45,Rh,L3-2p3/2,3004.0
86,Rn,M4-3d3/2,3022.0
78,Pt,M2-3p1/2,3027.0
43,Tc,L1-2s,3043.0
76,Os,M1-3s,3049.0
82,Pb,M3-3p3/2,3066.0
88,Ra,M5-3d5/2,3105.0
87,Fr,M4-3d3/2,3136.0
45,Rh,L2-2p1/2,3146.0
79,Au,M2-3p1/2,3148.0
46,Pd,L3-2p3/2,3173.0
77,Ir,M1-3s,3174.0
83,Bi,M3-3p3/2,3177.0
18,Ar,K-1s,3205.9
89,Ac,M5-3d5/2,3219.0
44,Ru,L1-2s,3224.0
88,Ra,M4-3d3/2,3248.0
80,Hg,M2-3p1/2,3279.0
78,Pt,M1-3s,3296.0
84,Po,M3-3p3/2,3302.0
46,Pd,L2-2p1/2,3330.0
90,Th,M5-3d5/2,3332.0
47,Ag,L3-2p3/2,3351.0
89,Ac,M4-3d3/2,3370.0
45,Rh,L1-2s,3412.0
81,Tl,M2-3p1/2,3416.0
79,Au,M1-3s,3425.0
85,At,M3-3p3/2,3426.0
91,Pa,M5-3d5/2,3442.0
90,Th,M4-3d3/2,3491.0
47,Ag,L2-2p1/2,3524.0
86,Rn,M3-3p3/2,3538.0
48,Cd,L3-2p3/2,3538.0
92,U,M5-3d5/2,3552.0
82,Pb,M2-3p1/2,3554.0
80,Hg,M1-3s,3562.0
46,Pd,L1-2s,3604.0
19,K,K-1s,3608.4
91,Pa,M4-3d3/2,3611.0
87,Fr,M3-3p3/2,3663.0
83,Bi,M2-3p1/2,3696.0
81,Tl,M1-3s,3704.0
48,Cd,L2-2p1/2,3727.0
92,U,M4-3d3/2,3728.0
49,In,L3-2p3/2,3730.0
88,Ra,M3-3p3/2,3792.0
47,Ag,L1-2s,3806.0
82,Pb,M1-3s,3851.0
84,Po,M2-3p1/2,3854.0
89,Ac,M3-3p3/2,3909.0
50,Sn,L3-2p3/2,3929.0
49,In,L2-2p1/2,3938.0
83,Bi,M1-3s,3999.0
85,At,M2-3p1/2,4008.0
48,Cd,L1-2s,4018.0
20,Ca,K-1s,4038.5
90,Th,M3-3p3/2,4046.0
51,Sb,L3-2p3/2,4132.0
84,Po,M1-3s,4149.0
50,Sn,L2-2p1/2,4156.0
86,Rn,M2-3p1/2,4159.0
91,Pa,M3-3p3/2,4174.0
49,In,L1-2s,4238.0
92,U,M3-3p3/2,4303.0
85,At,M1-3s,4317.0
87,Fr,M2-3p1/2,4327.0
52,Te,L3-2p3/2,4341.0
51,Sb,L2-2p1/2,4380.0
50,Sn,L1-2s,4465.0
86,Rn,M1-3s,4482.0
88,Ra,M2-3p1/2,4490.0
21,Sc,K-1s,4492.0
53,I,L3-2p3/2,4557.0
52,Te,L2-2p1/2,4612.0
87,Fr,M1-3s,4652.0
89,Ac,M2-3p1/2,4656.0
51,Sb,L1-2s,4698.0
54,Xe,L3-2p3/2,4786.0
88,Ra,M1-3s,4822.0
90,Th,M2-3p1/2,4830.0
53,I,L2-2p1/2,4852.0
52,Te,L1-2s,4939.0
22,Ti,K-1s,4966.0
91,Pa,M2-3p1/2,5001.0
89,Ac,M1-3s,5002.0
55,Cs,L3-2p3/2,5012.0
54,Xe,L2-2p1/2,5107.0
90,Th,M1-3s,5182.0
92,U,M2-3p1/2,5182.0
53,I,L1-2s,5188.0
56,Ba,L3-2p3/2,5247.0
55,Cs,L2-2p1/2,5359.0
91,Pa,M1-3s,5367.0
54,Xe,L1-2s,5453.0
23,V,K-1s,5465.0
57,La,L3-2p3/2,5483.0
92,U,M1-3s,5548.0
56,Ba,L2-2p1/2,5624.0
55,Cs,L1-2s,5714.0
58,Ce,L3-2p3/2,5723.0
57,La,L2-2p1/2,5891.0
59,Pr,L3-2p3/2,5964.0
56,Ba,L1-2s,5989.0
24,Cr,K-1s,5989.0
58,Ce,L2-2p1/2,6164.0
60,Nd,L3-2p3/2,6208.0
57,La,L1-2s,6266.0
59,Pr,L2-2p1/2,6440.0
61,Pm,L3-2p3/2,6459.0
25,Mn,K-1s,6539.0
58,Ce,L1-2s,6549.0
62,Sm,L3-2p3/2,6716.0
60,Nd,L2-2p1/2,6722.0
59,Pr,L1-2s,6835.0
63,Eu,L3-2p3/2,6977.0
61,Pm,L2-2p1/2,7013.0
26,Fe,K-1s,7112.0
60,Nd,L1-2s,7126.0
64,Gd,L3-2p3/2,7243.0
62,Sm,L2-2p1/2,7312.0
61,Pm,L1-2s,7428.0
65,Tb,L3-2p3/2,7514.0
63,Eu,L2-2p1/2,7617.0
27,Co,K-1s,7709.0
62,Sm,L1-2s,7737.0
66,Dy,L3-2p3/2,7790.0
64,Gd,L2-2p1/2,7930.0
63,Eu,L1-2s,8052.0
67,Ho,L3-2p3/2,8071.0
65,Tb,L2-2p1/2,8252.0
28,Ni,K-1s,8333.0
68,Er,L3-2p3/2,8358.0
64,Gd,L1-2s,8376.0
66,Dy,L2-2p1/2,8581.0
69,Tm,L3-2p3/2,8648.0
65,Tb,L1-2s,8708.0
67,Ho,L2-2p1/2,8918.0
70,Yb,L3-2p3/2,8944.0
29,Cu,K-1s,8979.0
66,Dy,L1-2s,9046.0
71,Lu,L3-2p3/2,9244.0
68,Er,L2-2p1/2,9264.0
67,Ho,L1-2s,9394.0
72,Hf,L3-2p3/2,9561.0
69,Tm,L2-2p1/2,9617.0
30,Zn,K-1s,9659.0
68,Er,L1-2s,9751.0
73,Ta,L3-2p3/2,9881.0
70,Yb,L2-2p1/2,9978.0
69,Tm,L1-2s,10116.0
74,W,L3-2p3/2,10207.0
71,Lu,L2-2p1/2,10349.0
31,Ga,K-1s,10367.0
70,Yb,L1-2s,10486.0
75,Re,L3-2p3/2,10535.0
72,Hf,L2-2p1/2,10739.0
71,Lu,L1-2s,10870.0
76,Os,L3-2p3/2,10871.0
32,Ge,K-1s,11103.0
73,Ta,L2-2p1/2,11136.0
77,Ir,L3-2p3/2,11215.0
72,Hf,L1-2s,11271.0
74,W,L2-2p1/2,11544.0
78,Pt,L3-2p3/2,11564.0
73,Ta,L1-2s,11682.0
33,As,K-1s,11867.0
79,Au,L3-2p3/2,11919.0
75,Re,L2-2p1/2,11959.0
74,W,L1-2s,12100.0
80,Hg,L3-2p3/2,12284.0
76,Os,L2-2p1/2,12385.0
75,Re,L1-2s,12527.0
81,Tl,L3-2p3/2,12658.0
34,Se,K-1s,12658.0
77,Ir,L2-2p1/2,12824.0
76,Os,L1-2s,12968.0
82,Pb,L3-2p3/2,13035.0
78,Pt,L2-2p1/2,13273.0
77,Ir,L1-2s,13419.0
83,Bi,L3-2p3/2,13419.0
35,Br,K-1s,13474.0
79,Au,L2-2p1/2,13734.0
84,Po,L3-2p3/2,13814.0
78,Pt,L1-2s,13880.0
80,Hg,L2-2p1/2,14209.0
85,At,L3-2p3/2,14214.0
36,Kr,K-1s,14326.0
79,Au,L1-2s,14353.0
86,Rn,L3-2p3/2,14619.0
81,Tl,L2-2p1/2,14698.0
80,Hg,L1-2s,14839.0
87,Fr,L3-2p3/2,15031.0
82,Pb,L2-2p1/2,15200.0
37,Rb,K-1s,15200.0
81,Tl,L1-2s,15347.0
88,Ra,L3-2p3/2,15444.0
83,Bi,L2-2p1/2,15711.0
82,Pb,L1-2s,15861.0
89,Ac,L3-2p3/2,15871.0
38,Sr,K-1s,16105.0
84,Po,L2-2p1/2,16244.0
90,Th,L3-2p3/2,16300.0
83,Bi,L1-2s,16388.0
91,Pa,L3-2p3/2,16733.0
85,At,L2-2p1/2,16785.0
84,Po,L1-2s,16939.0
39,Y,K-1s,17038.0
92,U,L3-2p3/2,17166.0
86,Rn,L2-2p1/2,17337.0
85,At,L1-2s,17493.0
87,Fr,L2-2p1/2,17907.0
40,Zr,K-1s,17998.0
86,Rn,L1-2s,18049.0
88,Ra,L2-2p1/2,18484.0
87,Fr,L1-2s,18639.0
41,Nb,K-1s,18986.0
89,Ac,L2-2p1/2,19083.0
88,Ra,L1-2s,19237.0
90,Th,L2-2p1/2,19693.0
89,Ac,L1-2s,19840.0
42,Mo,K-1s,20000.0
91,Pa,L2-2p1/2,20314.0
90,Th,L1-2s,20472.0
92,U,L2-2p1/2,20948.0
43,Tc,K-1s,21044.0
91,Pa,L1-2s,21105.0
92,U,L1-2s,21757.0
44,Ru,K-1s,22117.0
45,Rh,K-1s,23220.0
46,Pd,K-1s,24350.0
47,Ag,K-1s,25514.0
48,Cd,K-1s,26711.0
49,In,K-1s,27940.0
50,Sn,K-1s,29200.0
51,Sb,K-1s,30491.0
52,Te,K-1s,31814.0
53,I,K-1s,33169.0
54,Xe,K-1s,34561.0
55,Cs,K-1s,35985.0
56,Ba,K-1s,37441.0
57,La,K-1s,38925.0
58,Ce,K-1s,40443.0
59,Pr,K-1s,41991.0
60,Nd,K-1s,43569.0
61,Pm,K-1s,45184.0
62,Sm,K-1s,46834.0
63,Eu,K-1s,48519.0
64,Gd,K-1s,50239.0
65,Tb,K-1s,51996.0
66,Dy,K-1s,53789.0
67,Ho,K-1s,55618.0
68,Er,K-1s,57486.0
69,Tm,K-1s,59390.0
70,Yb,K-1s,61332.0
71,Lu,K-1s,63314.0
72,Hf,K-1s,65351.0
73,Ta,K-1s,67416.0
74,W,K-1s,69525.0
75,Re,K-1s,71676.0
76,Os,K-1s,73871.0
77,Ir,K-1s,76111.0
78,Pt,K-1s,78395.0
79,Au,K-1s,80725.0
80,Hg,K-1s,83102.0
81,Tl,K-1s,85530.0
82,Pb,K-1s,88005.0
83,Bi,K-1s,90524.0
84,Po,K-1s,93105.0
85,At,K-1s,95730.0
86,Rn,K-1s,98404.0
87,Fr,K-1s,101137.0
88,Ra,K-1s,103922.0
89,Ac,K-1s,106755.0
90,Th,K-1s,109651.0
91,Pa,K-1s,112601.0
92,U,K-1s,115606.0
